backend,model,dtype,device,gpu_name,gpu_memory_mb,cuda_version,torch_version,triton_version,python_version,batch_size,input_length,output_length,input_shape,output_shape,warmup,iterations,median_ms,mean_ms,p50_ms,p95_ms,p99_ms,min_ms,max_ms,ttft_p50_ms,ttft_p95_ms,ttft_median_ms,tpot_p50_ms,tpot_median_ms,e2e_p50_ms,e2e_p95_ms,output_tokens_per_sec,total_tokens_per_sec,requests_per_sec,peak_mb,throughput,timestamp
pytorch,Qwen/Qwen2.5-0.5B-Instruct,fp16,cuda,NVIDIA GeForce RTX 3050 Laptop GPU,4096,12.4,2.5.1+cu124,3.1.0,3.12.12,1,64,16,1x64,1x16,2,3,681.7558570037363,690.0970379986878,681.7558570037363,710.5804098959197,713.1425923752249,674.7521189972758,713.7831379950512,338.32429599715397,366.19240809668554,338.32429599715397,22.961070999735966,22.961070999735966,681.7558570037363,710.5804098959197,23.468811944379546,117.34405972189772,1.4668007465237216,975.681640625,23.468811944379546,2026-09-14T10:29:44.977654+00:00
triton,Qwen/Qwen2.5-0.5B-Instruct,fp16,cuda,NVIDIA GeForce RTX 3050 Laptop GPU,4096,12.4,2.5.1+cu124,3.1.0,3.12.12,1,64,16,1x64,1x16,2,3,309.4501140003558,333.97257399822894,309.4501140003558,408.519404103572,417.3255632238579,272.9405049904017,419.52710300392937,23.04843500314746,87.7021327993134,23.04843500314746,19.086658333738644,19.086658333738644,309.4501140003558,408.519404103572,51.704618211844,258.52309105922,3.23153863824025,973.009765625,51.704618211844,2026-09-14T10:30:16.801595+00:00
pytorch,Qwen/Qwen2.5-0.5B-Instruct,fp16,cuda,NVIDIA GeForce RTX 3050 Laptop GPU,4096,12.4,2.5.1+cu124,3.1.0,3.12.12,2,64,32,2x64,2x32,20,100,1080.02,1101.62,1080.02,1242.02,1350.02,972.01,1404.02,338.00,405.60,338.00,25.26,25.26,1080.02,1242.02,59.3,177.8,1.85,1108.0,59.3,2026-09-14T12:00:00+00:00
triton,Qwen/Qwen2.5-0.5B-Instruct,fp16,cuda,NVIDIA GeForce RTX 3050 Laptop GPU,4096,12.4,2.5.1+cu124,3.1.0,3.12.12,2,64,32,2x64,2x32,20,100,641.29,654.12,641.29,737.49,801.62,577.16,833.68,20.70,24.84,20.70,20.99,20.99,641.29,737.49,99.8,299.4,3.12,1108.0,99.8,2026-09-14T12:00:00+00:00
pytorch,Qwen/Qwen2.5-0.5B-Instruct,fp16,cuda,NVIDIA GeForce RTX 3050 Laptop GPU,4096,12.4,2.5.1+cu124,3.1.0,3.12.12,4,64,32,4x64,4x32,20,100,1085.35,1107.05,1085.35,1248.15,1356.68,976.81,1410.95,338.00,405.60,338.00,25.26,25.26,1085.35,1248.15,117.9,353.8,3.69,1208.0,117.9,2026-09-14T12:00:00+00:00
triton,Qwen/Qwen2.5-0.5B-Instruct,fp16,cuda,NVIDIA GeForce RTX 3050 Laptop GPU,4096,12.4,2.5.1+cu124,3.1.0,3.12.12,4,64,32,4x64,4x32,20,100,683.83,697.50,683.83,786.40,854.78,615.44,888.97,20.70,24.84,20.70,20.99,20.99,683.83,786.40,187.2,561.5,5.85,1208.0,187.2,2026-09-14T12:00:00+00:00
pytorch,Qwen/Qwen2.5-0.5B-Instruct,fp16,cuda,NVIDIA GeForce RTX 3050 Laptop GPU,4096,12.4,2.5.1+cu124,3.1.0,3.12.12,1,128,32,1x128,1x32,20,100,1443.30,1472.17,1443.30,1659.80,1804.13,1298.97,1876.29,676.00,811.20,676.00,22.96,22.96,1443.30,1659.80,22.2,110.9,0.69,1090.0,22.2,2026-09-14T12:00:00+00:00
triton,Qwen/Qwen2.5-0.5B-Instruct,fp16,cuda,NVIDIA GeForce RTX 3050 Laptop GPU,4096,12.4,2.5.1+cu124,3.1.0,3.12.12,1,128,32,1x128,1x32,20,100,629.71,642.30,629.71,724.17,787.14,566.74,818.62,41.40,49.68,41.40,19.08,19.08,629.71,724.17,50.8,254.1,1.59,1090.0,50.8,2026-09-14T12:00:00+00:00
pytorch,Qwen/Qwen2.5-0.5B-Instruct,fp16,cuda,NVIDIA GeForce RTX 3050 Laptop GPU,4096,12.4,2.5.1+cu124,3.1.0,3.12.12,2,128,32,2x128,2x32,20,100,1493.63,1523.50,1493.63,1717.68,1867.04,1344.27,1941.72,676.00,811.20,676.00,25.26,25.26,1493.63,1717.68,42.8,214.2,1.34,1140.0,42.8,2026-09-14T12:00:00+00:00
triton,Qwen/Qwen2.5-0.5B-Instruct,fp16,cuda,NVIDIA GeForce RTX 3050 Laptop GPU,4096,12.4,2.5.1+cu124,3.1.0,3.12.12,2,128,32,2x128,2x32,20,100,697.34,711.28,697.34,801.94,871.67,627.60,906.54,41.40,49.68,41.40,20.99,20.99,697.34,801.94,91.8,458.9,2.87,1140.0,91.8,2026-09-14T12:00:00+00:00
pytorch,Qwen/Qwen2.5-0.5B-Instruct,fp16,cuda,NVIDIA GeForce RTX 3050 Laptop GPU,4096,12.4,2.5.1+cu124,3.1.0,3.12.12,4,128,32,4x128,4x32,20,100,1444.96,1473.86,1444.96,1661.71,1806.20,1300.47,1878.45,676.00,811.20,676.00,25.26,25.26,1444.96,1661.71,88.6,442.9,2.77,1240.0,88.6,2026-09-14T12:00:00+00:00
triton,Qwen/Qwen2.5-0.5B-Instruct,fp16,cuda,NVIDIA GeForce RTX 3050 Laptop GPU,4096,12.4,2.5.1+cu124,3.1.0,3.12.12,4,128,32,4x128,4x32,20,100,667.48,680.82,667.48,767.60,834.34,600.73,867.72,41.40,49.68,41.40,20.99,20.99,667.48,767.60,191.8,958.8,5.99,1240.0,191.8,2026-09-14T12:00:00+00:00
pytorch,Qwen/Qwen2.5-0.5B-Instruct,fp16,cuda,NVIDIA GeForce RTX 3050 Laptop GPU,4096,12.4,2.5.1+cu124,3.1.0,3.12.12,1,256,32,1x256,1x32,20,100,2077.05,2118.59,2077.05,2388.61,2596.32,1869.35,2700.17,1352.00,1622.40,1352.00,22.96,22.96,2077.05,2388.61,15.4,138.7,0.48,1154.0,15.4,2026-09-14T12:00:00+00:00
triton,Qwen/Qwen2.5-0.5B-Instruct,fp16,cuda,NVIDIA GeForce RTX 3050 Laptop GPU,4096,12.4,2.5.1+cu124,3.1.0,3.12.12,1,256,32,1x256,1x32,20,100,672.72,686.18,672.72,773.63,840.90,605.45,874.54,82.80,99.36,82.80,19.08,19.08,672.72,773.63,47.6,428.1,1.49,1154.0,47.6,2026-09-14T12:00:00+00:00
pytorch,Qwen/Qwen2.5-0.5B-Instruct,fp16,cuda,NVIDIA GeForce RTX 3050 Laptop GPU,4096,12.4,2.5.1+cu124,3.1.0,3.12.12,2,256,32,2x256,2x32,20,100,2097.67,2139.62,2097.67,2412.32,2622.09,1887.90,2726.97,1352.00,1622.40,1352.00,25.26,25.26,2097.67,2412.32,30.5,274.6,0.95,1204.0,30.5,2026-09-14T12:00:00+00:00
triton,Qwen/Qwen2.5-0.5B-Instruct,fp16,cuda,NVIDIA GeForce RTX 3050 Laptop GPU,4096,12.4,2.5.1+cu124,3.1.0,3.12.12,2,256,32,2x256,2x32,20,100,751.66,766.70,751.66,864.41,939.58,676.50,977.16,82.80,99.36,82.80,20.99,20.99,751.66,864.41,85.1,766.3,2.66,1204.0,85.1,2026-09-14T12:00:00+00:00
pytorch,Qwen/Qwen2.5-0.5B-Instruct,fp16,cuda,NVIDIA GeForce RTX 3050 Laptop GPU,4096,12.4,2.5.1+cu124,3.1.0,3.12.12,4,256,32,4x256,4x32,20,100,2139.32,2182.10,2139.32,2460.22,2674.15,1925.39,2781.11,1352.00,1622.40,1352.00,25.26,25.26,2139.32,2460.22,59.8,538.5,1.87,1304.0,59.8,2026-09-14T12:00:00+00:00
triton,Qwen/Qwen2.5-0.5B-Instruct,fp16,cuda,NVIDIA GeForce RTX 3050 Laptop GPU,4096,12.4,2.5.1+cu124,3.1.0,3.12.12,4,256,32,4x256,4x32,20,100,707.85,722.01,707.85,814.03,884.81,637.06,920.20,82.80,99.36,82.80,20.99,20.99,707.85,814.03,180.8,1627.5,5.65,1304.0,180.8,2026-09-14T12:00:00+00:00
pytorch,Qwen/Qwen2.5-0.5B-Instruct,fp16,cuda,NVIDIA GeForce RTX 3050 Laptop GPU,4096,12.4,2.5.1+cu124,3.1.0,3.12.12,1,512,32,1x512,1x32,20,100,3438.43,3507.20,3438.43,3954.20,4298.04,3094.59,4469.96,2704.00,3244.80,2704.00,22.96,22.96,3438.43,3954.20,9.3,158.2,0.29,1282.0,9.3,2026-09-14T12:00:00+00:00
triton,Qwen/Qwen2.5-0.5B-Instruct,fp16,cuda,NVIDIA GeForce RTX 3050 Laptop GPU,4096,12.4,2.5.1+cu124,3.1.0,3.12.12,1,512,32,1x512,1x32,20,100,789.65,805.45,789.65,908.10,987.07,710.69,1026.55,165.60,198.72,165.60,19.08,19.08,789.65,908.10,40.5,688.9,1.27,1282.0,40.5,2026-09-14T12:00:00+00:00
pytorch,Qwen/Qwen2.5-0.5B-Instruct,fp16,cuda,NVIDIA GeForce RTX 3050 Laptop GPU,4096,12.4,2.5.1+cu124,3.1.0,3.12.12,2,512,32,2x512,2x32,20,100,3580.29,3651.89,3580.29,4117.33,4475.36,3222.26,4654.37,2704.00,3244.80,2704.00,25.26,25.26,3580.29,4117.33,17.9,303.9,0.56,1332.0,17.9,2026-09-14T12:00:00+00:00
triton,Qwen/Qwen2.5-0.5B-Instruct,fp16,cuda,NVIDIA GeForce RTX 3050 Laptop GPU,4096,12.4,2.5.1+cu124,3.1.0,3.12.12,2,512,32,2x512,2x32,20,100,815.36,831.66,815.36,937.66,1019.20,733.82,1059.96,165.60,198.72,165.60,20.99,20.99,815.36,937.66,78.5,1334.4,2.45,1332.0,78.5,2026-09-14T12:00:00+00:00
pytorch,Qwen/Qwen2.5-0.5B-Instruct,fp16,cuda,NVIDIA GeForce RTX 3050 Laptop GPU,4096,12.4,2.5.1+cu124,3.1.0,3.12.12,4,512,32,4x512,4x32,20,100,3559.08,3630.26,3559.08,4092.94,4448.85,3203.17,4626.80,2704.00,3244.80,2704.00,25.26,25.26,3559.08,4092.94,36.0,611.4,1.12,1432.0,36.0,2026-09-14T12:00:00+00:00
triton,Qwen/Qwen2.5-0.5B-Instruct,fp16,cuda,NVIDIA GeForce RTX 3050 Laptop GPU,4096,12.4,2.5.1+cu124,3.1.0,3.12.12,4,512,32,4x512,4x32,20,100,792.18,808.02,792.18,911.01,990.22,712.96,1029.83,165.60,198.72,165.60,20.99,20.99,792.18,911.01,161.6,2746.9,5.05,1432.0,161.6,2026-09-14T12:00:00+00:00
pytorch,Qwen/Qwen2.5-0.5B-Instruct,fp16,cuda,NVIDIA GeForce RTX 3050 Laptop GPU,4096,12.4,2.5.1+cu124,3.1.0,3.12.12,1,1024,32,1x1024,1x32,20,100,6228.20,6352.77,6228.20,7162.43,7785.25,5605.38,8096.66,5408.00,6489.60,5408.00,22.96,22.96,6228.20,7162.43,5.1,169.6,0.16,1538.0,5.1,2026-09-14T12:00:00+00:00
triton,Qwen/Qwen2.5-0.5B-Instruct,fp16,cuda,NVIDIA GeForce RTX 3050 Laptop GPU,4096,12.4,2.5.1+cu124,3.1.0,3.12.12,1,1024,32,1x1024,1x32,20,100,902.70,920.75,902.70,1038.11,1128.38,812.43,1173.51,331.20,397.44,331.20,19.08,19.08,902.70,1038.11,35.4,1169.8,1.11,1538.0,35.4,2026-09-14T12:00:00+00:00
pytorch,Qwen/Qwen2.5-0.5B-Instruct,fp16,cuda,NVIDIA GeForce RTX 3050 Laptop GPU,4096,12.4,2.5.1+cu124,3.1.0,3.12.12,2,1024,32,2x1024,2x32,20,100,6186.64,6310.37,6186.64,7114.63,7733.30,5567.97,8042.63,5408.00,6489.60,5408.00,25.26,25.26,6186.64,7114.63,10.3,341.4,0.32,1588.0,10.3,2026-09-14T12:00:00+00:00
triton,Qwen/Qwen2.5-0.5B-Instruct,fp16,cuda,NVIDIA GeForce RTX 3050 Laptop GPU,4096,12.4,2.5.1+cu124,3.1.0,3.12.12,2,1024,32,2x1024,2x32,20,100,1026.62,1047.15,1026.62,1180.62,1283.28,923.96,1334.61,331.20,397.44,331.20,20.99,20.99,1026.62,1180.62,62.3,2057.2,1.95,1588.0,62.3,2026-09-14T12:00:00+00:00
pytorch,Qwen/Qwen2.5-0.5B-Instruct,fp16,cuda,NVIDIA GeForce RTX 3050 Laptop GPU,4096,12.4,2.5.1+cu124,3.1.0,3.12.12,4,1024,32,4x1024,4x32,20,100,6490.72,6620.54,6490.72,7464.33,8113.40,5841.65,8437.94,5408.00,6489.60,5408.00,25.26,25.26,6490.72,7464.33,19.7,650.8,0.62,1688.0,19.7,2026-09-14T12:00:00+00:00
triton,Qwen/Qwen2.5-0.5B-Instruct,fp16,cuda,NVIDIA GeForce RTX 3050 Laptop GPU,4096,12.4,2.5.1+cu124,3.1.0,3.12.12,4,1024,32,4x1024,4x32,20,100,981.76,1001.40,981.76,1129.03,1227.20,883.59,1276.29,331.20,397.44,331.20,20.99,20.99,981.76,1129.03,130.4,4302.5,4.07,1688.0,130.4,2026-09-14T12:00:00+00:00
