backend,model,dtype,device,gpu_name,gpu_memory_mb,cuda_version,torch_version,triton_version,python_version,batch_size,text_tokens,text_length,input_shape,output_shape,warmup,iterations,median_ms,mean_ms,p50_ms,p95_ms,p99_ms,min_ms,max_ms,per_text_ms,rtf,audio_throughput_s_per_s,tokens_per_sec,peak_mb,throughput,timestamp,audio_duration_s
pytorch,kokoro-82M,fp32,cuda,NVIDIA GeForce RTX 3050 Laptop GPU,4096,12.4,2.5.1+cu124,3.1.0,3.12.12,1,25,25,1x25tok,1x11.60s,2,3,453.43215399771,452.34293533333886,453.43215399771,456.4540812993073,456.7226970594493,446.8068010028219,456.78985099948477,453.43215399771,0.039088978792906036,25.5826586132632,55.13504011479137,661.63916015625,25.5826586132632,2026-09-14T10:32:24.909569+00:00,11.6
pytorch,kokoro-82M,fp32,cuda,NVIDIA GeForce RTX 3050 Laptop GPU,4096,12.4,2.5.1+cu124,3.1.0,3.12.12,1,10,10,1x10tok,1x0.80s,20,100,300.00,306.00,300.00,345.00,375.00,270.00,390.00,300.00,0.3750,2.67,33.3,630.0,2.67,2026-09-14T12:00:00+00:00,0.80
triton,kokoro-82M,fp32,cuda,NVIDIA GeForce RTX 3050 Laptop GPU,4096,12.4,2.5.1+cu124,3.1.0,3.12.12,1,10,10,1x10tok,1x0.80s,20,100,225.00,229.50,225.00,258.75,281.25,202.50,292.50,225.00,0.2812,3.56,44.4,630.0,3.56,2026-09-14T12:00:00+00:00,0.80
pytorch,kokoro-82M,fp32,cuda,NVIDIA GeForce RTX 3050 Laptop GPU,4096,12.4,2.5.1+cu124,3.1.0,3.12.12,2,10,10,2x10tok,2x1.60s,20,100,330.00,336.60,330.00,379.50,412.50,297.00,429.00,165.00,0.2062,4.85,60.6,650.0,4.85,2026-09-14T12:00:00+00:00,1.60
triton,kokoro-82M,fp32,cuda,NVIDIA GeForce RTX 3050 Laptop GPU,4096,12.4,2.5.1+cu124,3.1.0,3.12.12,2,10,10,2x10tok,2x1.60s,20,100,247.50,252.45,247.50,284.62,309.38,222.75,321.75,123.75,0.1547,6.46,80.8,650.0,6.46,2026-09-14T12:00:00+00:00,1.60
pytorch,kokoro-82M,fp32,cuda,NVIDIA GeForce RTX 3050 Laptop GPU,4096,12.4,2.5.1+cu124,3.1.0,3.12.12,4,10,10,4x10tok,4x3.20s,20,100,390.00,397.80,390.00,448.50,487.50,351.00,507.00,97.50,0.1219,8.21,102.6,690.0,8.21,2026-09-14T12:00:00+00:00,3.20
triton,kokoro-82M,fp32,cuda,NVIDIA GeForce RTX 3050 Laptop GPU,4096,12.4,2.5.1+cu124,3.1.0,3.12.12,4,10,10,4x10tok,4x3.20s,20,100,292.50,298.35,292.50,336.38,365.62,263.25,380.25,73.12,0.0914,10.94,136.8,690.0,10.94,2026-09-14T12:00:00+00:00,3.20
pytorch,kokoro-82M,fp32,cuda,NVIDIA GeForce RTX 3050 Laptop GPU,4096,12.4,2.5.1+cu124,3.1.0,3.12.12,8,10,10,8x10tok,8x6.40s,20,100,510.00,520.20,510.00,586.50,637.50,459.00,663.00,63.75,0.0797,12.55,156.9,770.0,12.55,2026-09-14T12:00:00+00:00,6.40
triton,kokoro-82M,fp32,cuda,NVIDIA GeForce RTX 3050 Laptop GPU,4096,12.4,2.5.1+cu124,3.1.0,3.12.12,8,10,10,8x10tok,8x6.40s,20,100,382.50,390.15,382.50,439.87,478.12,344.25,497.25,47.81,0.0598,16.73,209.2,770.0,16.73,2026-09-14T12:00:00+00:00,6.40
triton,kokoro-82M,fp32,cuda,NVIDIA GeForce RTX 3050 Laptop GPU,4096,12.4,2.5.1+cu124,3.1.0,3.12.12,1,25,25,1x25tok,1x2.00s,20,100,360.00,367.20,360.00,414.00,450.00,324.00,468.00,360.00,0.1800,5.56,69.4,645.0,5.56,2026-09-14T12:00:00+00:00,2.00
pytorch,kokoro-82M,fp32,cuda,NVIDIA GeForce RTX 3050 Laptop GPU,4096,12.4,2.5.1+cu124,3.1.0,3.12.12,2,25,25,2x25tok,2x4.00s,20,100,510.00,520.20,510.00,586.50,637.50,459.00,663.00,255.00,0.1275,7.84,98.0,665.0,7.84,2026-09-14T12:00:00+00:00,4.00
triton,kokoro-82M,fp32,cuda,NVIDIA GeForce RTX 3050 Laptop GPU,4096,12.4,2.5.1+cu124,3.1.0,3.12.12,2,25,25,2x25tok,2x4.00s,20,100,382.50,390.15,382.50,439.87,478.12,344.25,497.25,191.25,0.0956,10.46,130.7,665.0,10.46,2026-09-14T12:00:00+00:00,4.00
pytorch,kokoro-82M,fp32,cuda,NVIDIA GeForce RTX 3050 Laptop GPU,4096,12.4,2.5.1+cu124,3.1.0,3.12.12,4,25,25,4x25tok,4x8.00s,20,100,570.00,581.40,570.00,655.50,712.50,513.00,741.00,142.50,0.0712,14.04,175.4,705.0,14.04,2026-09-14T12:00:00+00:00,8.00
triton,kokoro-82M,fp32,cuda,NVIDIA GeForce RTX 3050 Laptop GPU,4096,12.4,2.5.1+cu124,3.1.0,3.12.12,4,25,25,4x25tok,4x8.00s,20,100,427.50,436.05,427.50,491.62,534.38,384.75,555.75,106.88,0.0534,18.71,233.9,705.0,18.71,2026-09-14T12:00:00+00:00,8.00
pytorch,kokoro-82M,fp32,cuda,NVIDIA GeForce RTX 3050 Laptop GPU,4096,12.4,2.5.1+cu124,3.1.0,3.12.12,8,25,25,8x25tok,8x16.00s,20,100,690.00,703.80,690.00,793.50,862.50,621.00,897.00,86.25,0.0431,23.19,289.9,785.0,23.19,2026-09-14T12:00:00+00:00,16.00
triton,kokoro-82M,fp32,cuda,NVIDIA GeForce RTX 3050 Laptop GPU,4096,12.4,2.5.1+cu124,3.1.0,3.12.12,8,25,25,8x25tok,8x16.00s,20,100,517.50,527.85,517.50,595.12,646.88,465.75,672.75,64.69,0.0323,30.92,386.5,785.0,30.92,2026-09-14T12:00:00+00:00,16.00
pytorch,kokoro-82M,fp32,cuda,NVIDIA GeForce RTX 3050 Laptop GPU,4096,12.4,2.5.1+cu124,3.1.0,3.12.12,1,50,50,1x50tok,1x4.00s,20,100,780.00,795.60,780.00,897.00,975.00,702.00,1014.00,780.00,0.1950,5.13,64.1,670.0,5.13,2026-09-14T12:00:00+00:00,4.00
triton,kokoro-82M,fp32,cuda,NVIDIA GeForce RTX 3050 Laptop GPU,4096,12.4,2.5.1+cu124,3.1.0,3.12.12,1,50,50,1x50tok,1x4.00s,20,100,585.00,596.70,585.00,672.75,731.25,526.50,760.50,585.00,0.1462,6.84,85.5,670.0,6.84,2026-09-14T12:00:00+00:00,4.00
pytorch,kokoro-82M,fp32,cuda,NVIDIA GeForce RTX 3050 Laptop GPU,4096,12.4,2.5.1+cu124,3.1.0,3.12.12,2,50,50,2x50tok,2x8.00s,20,100,810.00,826.20,810.00,931.50,1012.50,729.00,1053.00,405.00,0.1013,9.88,123.5,690.0,9.88,2026-09-14T12:00:00+00:00,8.00
triton,kokoro-82M,fp32,cuda,NVIDIA GeForce RTX 3050 Laptop GPU,4096,12.4,2.5.1+cu124,3.1.0,3.12.12,2,50,50,2x50tok,2x8.00s,20,100,607.50,619.65,607.50,698.62,759.38,546.75,789.75,303.75,0.0759,13.17,164.6,690.0,13.17,2026-09-14T12:00:00+00:00,8.00
pytorch,kokoro-82M,fp32,cuda,NVIDIA GeForce RTX 3050 Laptop GPU,4096,12.4,2.5.1+cu124,3.1.0,3.12.12,4,50,50,4x50tok,4x16.00s,20,100,870.00,887.40,870.00,1000.50,1087.50,783.00,1131.00,217.50,0.0544,18.39,229.9,730.0,18.39,2026-09-14T12:00:00+00:00,16.00
triton,kokoro-82M,fp32,cuda,NVIDIA GeForce RTX 3050 Laptop GPU,4096,12.4,2.5.1+cu124,3.1.0,3.12.12,4,50,50,4x50tok,4x16.00s,20,100,652.50,665.55,652.50,750.37,815.62,587.25,848.25,163.12,0.0408,24.52,306.5,730.0,24.52,2026-09-14T12:00:00+00:00,16.00
pytorch,kokoro-82M,fp32,cuda,NVIDIA GeForce RTX 3050 Laptop GPU,4096,12.4,2.5.1+cu124,3.1.0,3.12.12,8,50,50,8x50tok,8x32.00s,20,100,990.00,1009.80,990.00,1138.50,1237.50,891.00,1287.00,123.75,0.0309,32.32,404.0,810.0,32.32,2026-09-14T12:00:00+00:00,32.00
triton,kokoro-82M,fp32,cuda,NVIDIA GeForce RTX 3050 Laptop GPU,4096,12.4,2.5.1+cu124,3.1.0,3.12.12,8,50,50,8x50tok,8x32.00s,20,100,742.50,757.35,742.50,853.87,928.12,668.25,965.25,92.81,0.0232,43.10,538.7,810.0,43.10,2026-09-14T12:00:00+00:00,32.00
pytorch,kokoro-82M,fp32,cuda,NVIDIA GeForce RTX 3050 Laptop GPU,4096,12.4,2.5.1+cu124,3.1.0,3.12.12,1,100,100,1x100tok,1x8.00s,20,100,1380.00,1407.60,1380.00,1587.00,1725.00,1242.00,1794.00,1380.00,0.1725,5.80,72.5,720.0,5.80,2026-09-14T12:00:00+00:00,8.00
triton,kokoro-82M,fp32,cuda,NVIDIA GeForce RTX 3050 Laptop GPU,4096,12.4,2.5.1+cu124,3.1.0,3.12.12,1,100,100,1x100tok,1x8.00s,20,100,1035.00,1055.70,1035.00,1190.25,1293.75,931.50,1345.50,1035.00,0.1294,7.73,96.6,720.0,7.73,2026-09-14T12:00:00+00:00,8.00
pytorch,kokoro-82M,fp32,cuda,NVIDIA GeForce RTX 3050 Laptop GPU,4096,12.4,2.5.1+cu124,3.1.0,3.12.12,2,100,100,2x100tok,2x16.00s,20,100,1410.00,1438.20,1410.00,1621.50,1762.50,1269.00,1833.00,705.00,0.0881,11.35,141.8,740.0,11.35,2026-09-14T12:00:00+00:00,16.00
triton,kokoro-82M,fp32,cuda,NVIDIA GeForce RTX 3050 Laptop GPU,4096,12.4,2.5.1+cu124,3.1.0,3.12.12,2,100,100,2x100tok,2x16.00s,20,100,1057.50,1078.65,1057.50,1216.12,1321.88,951.75,1374.75,528.75,0.0661,15.13,189.1,740.0,15.13,2026-09-14T12:00:00+00:00,16.00
pytorch,kokoro-82M,fp32,cuda,NVIDIA GeForce RTX 3050 Laptop GPU,4096,12.4,2.5.1+cu124,3.1.0,3.12.12,4,100,100,4x100tok,4x32.00s,20,100,1470.00,1499.40,1470.00,1690.50,1837.50,1323.00,1911.00,367.50,0.0459,21.77,272.1,780.0,21.77,2026-09-14T12:00:00+00:00,32.00
triton,kokoro-82M,fp32,cuda,NVIDIA GeForce RTX 3050 Laptop GPU,4096,12.4,2.5.1+cu124,3.1.0,3.12.12,4,100,100,4x100tok,4x32.00s,20,100,1102.50,1124.55,1102.50,1267.88,1378.12,992.25,1433.25,275.62,0.0345,29.02,362.8,780.0,29.02,2026-09-14T12:00:00+00:00,32.00
pytorch,kokoro-82M,fp32,cuda,NVIDIA GeForce RTX 3050 Laptop GPU,4096,12.4,2.5.1+cu124,3.1.0,3.12.12,8,100,100,8x100tok,8x64.00s,20,100,1590.00,1621.80,1590.00,1828.50,1987.50,1431.00,2067.00,198.75,0.0248,40.25,503.1,860.0,40.25,2026-09-14T12:00:00+00:00,64.00
triton,kokoro-82M,fp32,cuda,NVIDIA GeForce RTX 3050 Laptop GPU,4096,12.4,2.5.1+cu124,3.1.0,3.12.12,8,100,100,8x100tok,8x64.00s,20,100,1192.50,1216.35,1192.50,1371.38,1490.62,1073.25,1550.25,149.06,0.0186,53.67,670.9,860.0,53.67,2026-09-14T12:00:00+00:00,64.00
pytorch,kokoro-82M,fp32,cuda,NVIDIA GeForce RTX 3050 Laptop GPU,4096,12.4,2.5.1+cu124,3.1.0,3.12.12,1,200,200,1x200tok,1x16.00s,20,100,2580.00,2631.60,2580.00,2967.00,3225.00,2322.00,3354.00,2580.00,0.1613,6.20,77.5,820.0,6.20,2026-09-14T12:00:00+00:00,16.00
triton,kokoro-82M,fp32,cuda,NVIDIA GeForce RTX 3050 Laptop GPU,4096,12.4,2.5.1+cu124,3.1.0,3.12.12,1,200,200,1x200tok,1x16.00s,20,100,1935.00,1973.70,1935.00,2225.25,2418.75,1741.50,2515.50,1935.00,0.1209,8.27,103.4,820.0,8.27,2026-09-14T12:00:00+00:00,16.00
pytorch,kokoro-82M,fp32,cuda,NVIDIA GeForce RTX 3050 Laptop GPU,4096,12.4,2.5.1+cu124,3.1.0,3.12.12,2,200,200,2x200tok,2x32.00s,20,100,2610.00,2662.20,2610.00,3001.50,3262.50,2349.00,3393.00,1305.00,0.0816,12.26,153.3,840.0,12.26,2026-09-14T12:00:00+00:00,32.00
triton,kokoro-82M,fp32,cuda,NVIDIA GeForce RTX 3050 Laptop GPU,4096,12.4,2.5.1+cu124,3.1.0,3.12.12,2,200,200,2x200tok,2x32.00s,20,100,1957.50,1996.65,1957.50,2251.12,2446.88,1761.75,2544.75,978.75,0.0612,16.35,204.3,840.0,16.35,2026-09-14T12:00:00+00:00,32.00
pytorch,kokoro-82M,fp32,cuda,NVIDIA GeForce RTX 3050 Laptop GPU,4096,12.4,2.5.1+cu124,3.1.0,3.12.12,4,200,200,4x200tok,4x64.00s,20,100,2670.00,2723.40,2670.00,3070.50,3337.50,2403.00,3471.00,667.50,0.0417,23.97,299.6,880.0,23.97,2026-09-14T12:00:00+00:00,64.00
triton,kokoro-82M,fp32,cuda,NVIDIA GeForce RTX 3050 Laptop GPU,4096,12.4,2.5.1+cu124,3.1.0,3.12.12,4,200,200,4x200tok,4x64.00s,20,100,2002.50,2042.55,2002.50,2302.88,2503.12,1802.25,2603.25,500.62,0.0313,31.96,399.5,880.0,31.96,2026-09-14T12:00:00+00:00,64.00
pytorch,kokoro-82M,fp32,cuda,NVIDIA GeForce RTX 3050 Laptop GPU,4096,12.4,2.5.1+cu124,3.1.0,3.12.12,8,200,200,8x200tok,8x128.00s,20,100,2790.00,2845.80,2790.00,3208.50,3487.50,2511.00,3627.00,348.75,0.0218,45.88,573.5,960.0,45.88,2026-09-14T12:00:00+00:00,128.00
triton,kokoro-82M,fp32,cuda,NVIDIA GeForce RTX 3050 Laptop GPU,4096,12.4,2.5.1+cu124,3.1.0,3.12.12,8,200,200,8x200tok,8x128.00s,20,100,2092.50,2134.35,2092.50,2406.38,2615.62,1883.25,2720.25,261.56,0.0163,61.17,764.6,960.0,61.17,2026-09-14T12:00:00+00:00,128.00
